ANO,NIVEL,CODMUNRES,IDHM_A,IDHM_CA,IDHM_CA_M,IDHM_CA_F
2015,UF,22,0.689,0.646,0.606,0.676
2015,MUNICIPIO,2200053,NA,0.528,NA,NA
2015,MUNICIPIO,2200103,NA,0.599,NA,NA
2015,MUNICIPIO,2200202,NA,0.639,NA,NA
2015,MUNICIPIO,2200251,NA,0.531,NA,NA
2015,MUNICIPIO,2200277,NA,0.585,NA,NA
2015,MUNICIPIO,2200301,NA,0.585,NA,NA
2015,MUNICIPIO,2200400,NA,0.614,NA,NA
2015,MUNICIPIO,2200459,NA,0.578,NA,NA
2015,MUNICIPIO,2200509,NA,0.598,NA,NA
2015,MUNICIPIO,2200608,NA,0.63,NA,NA
2015,MUNICIPIO,2200707,NA,0.594,NA,NA
2015,MUNICIPIO,2200806,NA,0.62,NA,NA
2015,MUNICIPIO,2200905,NA,0.583,NA,NA
2015,MUNICIPIO,2200954,NA,0.519,NA,NA
2015,MUNICIPIO,2201002,NA,0.56,NA,NA
2015,MUNICIPIO,2201051,NA,0.499,NA,NA
2015,MUNICIPIO,2201101,NA,0.554,NA,NA
2015,MUNICIPIO,2201150,NA,0.564,NA,NA
2015,MUNICIPIO,2201176,NA,0.577,NA,NA
2015,MUNICIPIO,2201200,NA,0.595,NA,NA
2015,MUNICIPIO,2201309,NA,0.557,NA,NA
2015,MUNICIPIO,2201408,NA,0.612,NA,NA
2015,MUNICIPIO,2201507,NA,0.545,NA,NA
2015,MUNICIPIO,2201556,NA,0.576,NA,NA
2015,MUNICIPIO,2201572,NA,0.551,NA,NA
2015,MUNICIPIO,2201606,NA,0.557,NA,NA
2015,MUNICIPIO,2201705,NA,0.612,NA,NA
2015,MUNICIPIO,2201739,NA,0.489,NA,NA
2015,MUNICIPIO,2201770,NA,0.575,NA,NA
2015,MUNICIPIO,2201804,NA,0.632,NA,NA
2015,MUNICIPIO,2201903,NA,0.668,NA,NA
2015,MUNICIPIO,2201919,NA,0.532,NA,NA
2015,MUNICIPIO,2201929,NA,0.542,NA,NA
2015,MUNICIPIO,2201945,NA,0.56,NA,NA
2015,MUNICIPIO,2201960,NA,0.577,NA,NA
2015,MUNICIPIO,2201988,NA,0.515,NA,NA
2015,MUNICIPIO,2202000,NA,0.565,NA,NA
2015,MUNICIPIO,2202026,NA,0.574,NA,NA
2015,MUNICIPIO,2202059,NA,0.583,NA,NA
2015,MUNICIPIO,2202075,NA,0.562,NA,NA
2015,MUNICIPIO,2202083,NA,0.546,NA,NA
2015,MUNICIPIO,2202091,NA,0.588,NA,NA
2015,MUNICIPIO,2202109,NA,0.544,NA,NA
2015,MUNICIPIO,2202117,NA,0.537,NA,NA
2015,MUNICIPIO,2202133,NA,0.56,NA,NA
2015,MUNICIPIO,2202174,NA,0.528,NA,NA
2015,MUNICIPIO,2202208,NA,0.656,NA,NA
2015,MUNICIPIO,2202251,NA,0.583,NA,NA
2015,MUNICIPIO,2202307,NA,0.576,NA,NA
2015,MUNICIPIO,2202406,NA,0.583,NA,NA
2015,MUNICIPIO,2202455,NA,0.553,NA,NA
2015,MUNICIPIO,2202505,NA,0.552,NA,NA
2015,MUNICIPIO,2202539,NA,0.505,NA,NA
2015,MUNICIPIO,2202554,NA,0.541,NA,NA
2015,MUNICIPIO,2202604,NA,0.587,NA,NA
2015,MUNICIPIO,2202653,NA,0.488,NA,NA
2015,MUNICIPIO,2202703,NA,0.497,NA,NA
2015,MUNICIPIO,2202711,NA,0.555,NA,NA
2015,MUNICIPIO,2202729,NA,0.498,NA,NA
2015,MUNICIPIO,2202737,NA,0.565,NA,NA
2015,MUNICIPIO,2202752,NA,0.628,NA,NA
2015,MUNICIPIO,2202778,NA,0.588,NA,NA
2015,MUNICIPIO,2202802,NA,0.589,NA,NA
2015,MUNICIPIO,2202851,NA,0.546,NA,NA
2015,MUNICIPIO,2202901,NA,0.642,NA,NA
2015,MUNICIPIO,2203008,NA,0.573,NA,NA
2015,MUNICIPIO,2203107,NA,0.566,NA,NA
2015,MUNICIPIO,2203206,NA,0.607,NA,NA
2015,MUNICIPIO,2203230,NA,0.542,NA,NA
2015,MUNICIPIO,2203271,NA,0.527,NA,NA
2015,MUNICIPIO,2203255,NA,0.555,NA,NA
2015,MUNICIPIO,2203305,NA,0.618,NA,NA
2015,MUNICIPIO,2203354,NA,0.561,NA,NA
2015,MUNICIPIO,2203404,NA,0.601,NA,NA
2015,MUNICIPIO,2203453,NA,0.549,NA,NA
2015,MUNICIPIO,2203420,NA,0.55,NA,NA
2015,MUNICIPIO,2203503,NA,0.58,NA,NA
2015,MUNICIPIO,2203602,NA,0.595,NA,NA
2015,MUNICIPIO,2203701,NA,0.605,NA,NA
2015,MUNICIPIO,2203750,NA,0.548,NA,NA
2015,MUNICIPIO,2203800,NA,0.547,NA,NA
2015,MUNICIPIO,2203859,NA,0.538,NA,NA
2015,MUNICIPIO,2203909,NA,0.7,NA,NA
2015,MUNICIPIO,2204006,NA,0.564,NA,NA
2015,MUNICIPIO,2204105,NA,0.577,NA,NA
2015,MUNICIPIO,2204154,NA,0.553,NA,NA
2015,MUNICIPIO,2204204,NA,0.608,NA,NA
2015,MUNICIPIO,2204303,NA,0.619,NA,NA
2015,MUNICIPIO,2204352,NA,0.561,NA,NA
2015,MUNICIPIO,2204402,NA,0.548,NA,NA
2015,MUNICIPIO,2204501,NA,0.65,NA,NA
2015,MUNICIPIO,2204550,NA,0.508,NA,NA
2015,MUNICIPIO,2204600,NA,0.599,NA,NA
2015,MUNICIPIO,2204659,NA,0.563,NA,NA
2015,MUNICIPIO,2204709,NA,0.624,NA,NA
2015,MUNICIPIO,2204808,NA,0.63,NA,NA
2015,MUNICIPIO,2204907,NA,0.582,NA,NA
2015,MUNICIPIO,2205003,NA,0.541,NA,NA
2015,MUNICIPIO,2205102,NA,0.583,NA,NA
2015,MUNICIPIO,2205151,NA,0.535,NA,NA
2015,MUNICIPIO,2205201,NA,0.524,NA,NA
2015,MUNICIPIO,2205250,NA,0.593,NA,NA
2015,MUNICIPIO,2205276,NA,0.566,NA,NA
2015,MUNICIPIO,2205300,NA,0.591,NA,NA
2015,MUNICIPIO,2205359,NA,0.561,NA,NA
2015,MUNICIPIO,2205409,NA,0.522,NA,NA
2015,MUNICIPIO,2205458,NA,0.504,NA,NA
2015,MUNICIPIO,2205508,NA,0.618,NA,NA
2015,MUNICIPIO,2205516,NA,0.57,NA,NA
2015,MUNICIPIO,2205524,NA,0.582,NA,NA
2015,MUNICIPIO,2205532,NA,0.555,NA,NA
2015,MUNICIPIO,2205557,NA,0.55,NA,NA
2015,MUNICIPIO,2205573,NA,0.529,NA,NA
2015,MUNICIPIO,2205565,NA,0.502,NA,NA
2015,MUNICIPIO,2205581,NA,0.583,NA,NA
2015,MUNICIPIO,2205599,NA,0.541,NA,NA
2015,MUNICIPIO,2205540,NA,0.597,NA,NA
2015,MUNICIPIO,2205607,NA,0.584,NA,NA
2015,MUNICIPIO,2205706,NA,0.541,NA,NA
2015,MUNICIPIO,2205805,NA,0.545,NA,NA
2015,MUNICIPIO,2205854,NA,0.563,NA,NA
2015,MUNICIPIO,2205904,NA,0.573,NA,NA
2015,MUNICIPIO,2205953,NA,0.562,NA,NA
2015,MUNICIPIO,2206001,NA,0.59,NA,NA
2015,MUNICIPIO,2206050,NA,0.525,NA,NA
2015,MUNICIPIO,2206100,NA,0.562,NA,NA
2015,MUNICIPIO,2206209,NA,0.539,NA,NA
2015,MUNICIPIO,2206308,NA,0.623,NA,NA
2015,MUNICIPIO,2206357,NA,0.508,NA,NA
2015,MUNICIPIO,2206407,NA,0.615,NA,NA
2015,MUNICIPIO,2206506,NA,0.561,NA,NA
2015,MUNICIPIO,2206605,NA,0.578,NA,NA
2015,MUNICIPIO,2206654,NA,0.542,NA,NA
2015,MUNICIPIO,2206670,NA,0.55,NA,NA
2015,MUNICIPIO,2206696,NA,0.53,NA,NA
2015,MUNICIPIO,2206704,NA,0.576,NA,NA
2015,MUNICIPIO,2206720,NA,0.602,NA,NA
2015,MUNICIPIO,2206753,NA,0.586,NA,NA
2015,MUNICIPIO,2206803,NA,0.533,NA,NA
2015,MUNICIPIO,2207959,NA,0.554,NA,NA
2015,MUNICIPIO,2206902,NA,0.562,NA,NA
2015,MUNICIPIO,2206951,NA,0.528,NA,NA
2015,MUNICIPIO,2207009,NA,0.634,NA,NA
2015,MUNICIPIO,2207108,NA,0.576,NA,NA
2015,MUNICIPIO,2207207,NA,0.541,NA,NA
2015,MUNICIPIO,2207306,NA,0.575,NA,NA
2015,MUNICIPIO,2207355,NA,0.559,NA,NA
2015,MUNICIPIO,2207405,NA,0.557,NA,NA
2015,MUNICIPIO,2207504,NA,0.562,NA,NA
2015,MUNICIPIO,2207553,NA,0.509,NA,NA
2015,MUNICIPIO,2207603,NA,0.575,NA,NA
2015,MUNICIPIO,2207702,NA,0.687,NA,NA
2015,MUNICIPIO,2207751,NA,0.561,NA,NA
2015,MUNICIPIO,2207777,NA,0.563,NA,NA
2015,MUNICIPIO,2207793,NA,0.514,NA,NA
2015,MUNICIPIO,2207801,NA,0.6,NA,NA
2015,MUNICIPIO,2207850,NA,0.526,NA,NA
2015,MUNICIPIO,2207900,NA,0.571,NA,NA
2015,MUNICIPIO,2207934,NA,0.562,NA,NA
2015,MUNICIPIO,2208007,NA,0.698,NA,NA
2015,MUNICIPIO,2208106,NA,0.566,NA,NA
2015,MUNICIPIO,2208205,NA,0.564,NA,NA
2015,MUNICIPIO,2208304,NA,0.596,NA,NA
2015,MUNICIPIO,2208403,NA,0.635,NA,NA
2015,MUNICIPIO,2208502,NA,0.549,NA,NA
2015,MUNICIPIO,2208551,NA,0.563,NA,NA
2015,MUNICIPIO,2208601,NA,0.565,NA,NA
2015,MUNICIPIO,2208650,NA,0.515,NA,NA
2015,MUNICIPIO,2208700,NA,0.589,NA,NA
2015,MUNICIPIO,2208809,NA,0.591,NA,NA
2015,MUNICIPIO,2208858,NA,0.541,NA,NA
2015,MUNICIPIO,2208874,NA,0.52,NA,NA
2015,MUNICIPIO,2208908,NA,0.601,NA,NA
2015,MUNICIPIO,2209005,NA,0.572,NA,NA
2015,MUNICIPIO,2209104,NA,0.601,NA,NA
2015,MUNICIPIO,2209153,NA,0.577,NA,NA
2015,MUNICIPIO,2209203,NA,0.544,NA,NA
2015,MUNICIPIO,2209302,NA,0.588,NA,NA
2015,MUNICIPIO,2209377,NA,0.567,NA,NA
2015,MUNICIPIO,2209351,NA,0.574,NA,NA
2015,MUNICIPIO,2209401,NA,0.584,NA,NA
2015,MUNICIPIO,2209450,NA,0.619,NA,NA
2015,MUNICIPIO,2209500,NA,0.613,NA,NA
2015,MUNICIPIO,2209559,NA,0.596,NA,NA
2015,MUNICIPIO,2209609,NA,0.61,NA,NA
2015,MUNICIPIO,2209658,NA,0.485,NA,NA
2015,MUNICIPIO,2209708,NA,0.57,NA,NA
2015,MUNICIPIO,2209757,NA,0.56,NA,NA
2015,MUNICIPIO,2209807,NA,0.616,NA,NA
2015,MUNICIPIO,2209856,NA,0.559,NA,NA
2015,MUNICIPIO,2209872,NA,0.515,NA,NA
2015,MUNICIPIO,2209906,NA,0.582,NA,NA
2015,MUNICIPIO,2209955,NA,0.559,NA,NA
2015,MUNICIPIO,2209971,NA,0.523,NA,NA
2015,MUNICIPIO,2210003,NA,0.645,NA,NA
2015,MUNICIPIO,2210052,NA,0.565,NA,NA
2015,MUNICIPIO,2210102,NA,0.573,NA,NA
2015,MUNICIPIO,2210201,NA,0.552,NA,NA
2015,MUNICIPIO,2210300,NA,0.594,NA,NA
2015,MUNICIPIO,2210359,NA,0.595,NA,NA
2015,MUNICIPIO,2210375,NA,0.554,NA,NA
2015,MUNICIPIO,2210383,NA,0.563,NA,NA
2015,MUNICIPIO,2210391,NA,0.535,NA,NA
2015,MUNICIPIO,2210409,NA,0.556,NA,NA
2015,MUNICIPIO,2210508,NA,0.595,NA,NA
2015,MUNICIPIO,2210607,NA,0.661,NA,NA
2015,MUNICIPIO,2210623,NA,0.536,NA,NA
2015,MUNICIPIO,2210631,NA,0.562,NA,NA
2015,MUNICIPIO,2210656,NA,0.581,NA,NA
2015,MUNICIPIO,2210706,NA,0.575,NA,NA
2015,MUNICIPIO,2210805,NA,0.627,NA,NA
2015,MUNICIPIO,2210904,NA,0.561,NA,NA
2015,MUNICIPIO,2210938,NA,0.586,NA,NA
2015,MUNICIPIO,2210953,NA,0.501,NA,NA
2015,MUNICIPIO,2210979,NA,0.579,NA,NA
2015,MUNICIPIO,2211001,NA,0.751,NA,NA
2015,MUNICIPIO,2211100,NA,0.577,NA,NA
2015,MUNICIPIO,2211209,NA,0.631,NA,NA
2015,MUNICIPIO,2211308,NA,0.647,NA,NA
2015,MUNICIPIO,2211357,NA,0.553,NA,NA
2015,MUNICIPIO,2211407,NA,0.571,NA,NA
2015,MUNICIPIO,2211506,NA,0.503,NA,NA
2015,MUNICIPIO,2211605,NA,0.565,NA,NA
2015,MUNICIPIO,2211704,NA,0.544,NA,NA
