"ANO","NIVEL","CODMUNRES","TO","TORC","TORCR","TO_NN","TO_N","TO_CB_I","TO_CB_N","TO_CB_C","TO_CB_R","TO_CB_O","TO_M","TO_F","TO_F_IF","TO_FT","TO_NT","TO_NT_P","TO_NT_T","TO_PNT","TO_MT_G","TONT_B","TONT_PT","TONT_A","TONT_PD","TONT_I","TO_MT","TO_MT_DG","TO_MT_PT","TO_MT_AB","TO_MT_42","TO_MT_43","TO_MT_P","TO_MT_P_I","TO_MT_P_ES","TO_MT_P_EFI","TO_MT_P_EFII","TO_MT_P_EM","TO_MT_P_ESI","TO_MT_P_ESC"
2015,"UF",22,19366,0,0,2477,16889,623,2771,6486,1861,5148,11033,8310,996,0,659,625,34,0,19,71,8,0,486,0,65,19,5,1,27,13,52,47,0,7,16,13,4,3
2015,"MUNICIPIO",220000,52,0,0,15,37,0,0,4,0,33,37,7,3,0,0,0,0,0,0,0,0,0,0,0,0,0,0,0,0,0,0,0,0,0,0,0,0,0
2015,"MUNICIPIO",220005,47,0,0,7,40,2,5,16,1,16,28,18,1,0,5,5,0,0,0,1,0,0,4,0,0,0,0,0,0,0,0,0,0,0,0,0,0,0
2015,"MUNICIPIO",220010,47,0,0,4,43,2,5,18,3,15,26,20,2,0,3,3,0,0,0,0,0,0,3,0,0,0,0,0,0,0,0,0,0,0,0,0,0,0
2015,"MUNICIPIO",220020,115,0,0,17,98,0,14,40,10,34,63,52,11,0,1,0,1,0,1,0,0,0,1,0,1,1,0,0,0,0,1,1,0,1,0,0,0,0
2015,"MUNICIPIO",220025,47,0,0,6,41,2,2,25,4,8,29,18,0,0,1,0,1,0,0,1,0,0,0,0,0,0,0,0,0,0,0,0,0,0,0,0,0,0
2015,"MUNICIPIO",220027,40,0,0,14,26,2,6,5,6,7,16,24,5,0,0,0,0,0,0,0,0,0,0,0,0,0,0,0,0,0,0,0,0,0,0,0,0,0
2015,"MUNICIPIO",220030,85,0,0,11,74,1,11,26,5,31,54,31,3,0,0,0,0,0,0,0,0,0,0,0,0,0,0,0,0,0,0,0,0,0,0,0,0,0
2015,"MUNICIPIO",220040,274,0,0,34,240,10,42,93,26,69,157,117,10,0,4,4,0,0,1,1,0,0,2,0,2,1,1,0,0,0,2,2,0,0,0,1,1,0
2015,"MUNICIPIO",220045,18,0,0,5,13,1,1,5,2,4,13,5,0,0,0,0,0,0,0,0,0,0,0,0,0,0,0,0,0,0,0,0,0,0,0,0,0,0
2015,"MUNICIPIO",220050,120,0,0,19,101,4,18,50,5,24,71,49,2,0,3,3,0,0,0,0,0,0,3,0,0,0,0,0,0,0,0,0,0,0,0,0,0,0
2015,"MUNICIPIO",220060,43,0,0,7,36,1,6,14,3,12,21,22,1,0,0,0,0,0,0,0,0,0,0,0,0,0,0,0,0,0,0,0,0,0,0,0,0,0
2015,"MUNICIPIO",220070,40,0,0,5,35,2,4,15,3,11,19,21,5,0,1,1,0,0,0,0,0,0,1,0,1,0,0,0,0,1,0,0,0,0,0,0,0,0
2015,"MUNICIPIO",220080,17,0,0,1,16,1,3,6,2,4,12,5,1,0,0,0,0,0,0,0,0,0,0,0,0,0,0,0,0,0,0,0,0,0,0,0,0,0
2015,"MUNICIPIO",220090,36,0,0,2,34,0,6,13,3,12,23,13,0,0,0,0,0,0,0,0,0,0,0,0,0,0,0,0,0,0,0,0,0,0,0,0,0,0
2015,"MUNICIPIO",220095,17,0,0,5,12,0,3,3,2,4,12,5,0,0,1,1,0,0,0,0,0,0,1,0,0,0,0,0,0,0,0,0,0,0,0,0,0,0
2015,"MUNICIPIO",220100,28,0,0,5,23,0,2,11,4,6,16,12,1,0,1,1,0,0,0,0,0,0,1,0,0,0,0,0,0,0,0,0,0,0,0,0,0,0
2015,"MUNICIPIO",220105,32,0,0,5,27,0,1,11,3,12,19,13,3,0,6,6,0,0,0,0,0,0,6,0,1,0,0,0,0,1,0,0,0,0,0,0,0,0
2015,"MUNICIPIO",220110,69,0,0,3,66,3,6,31,9,17,41,28,1,0,3,2,1,0,0,1,0,0,2,0,0,0,0,0,0,0,0,0,0,0,0,0,0,0
2015,"MUNICIPIO",220115,51,0,0,12,39,0,1,21,2,15,37,14,4,0,2,1,1,0,0,0,1,0,0,0,0,0,0,0,0,0,0,0,0,0,0,0,0,0
2015,"MUNICIPIO",220117,31,0,0,1,30,0,3,20,4,3,15,16,0,0,0,0,0,0,0,0,0,0,0,0,0,0,0,0,0,0,0,0,0,0,0,0,0,0
2015,"MUNICIPIO",220120,266,0,0,32,234,11,34,77,27,85,150,115,15,0,11,11,0,0,1,1,0,0,8,0,2,1,0,0,1,0,2,2,0,0,1,0,0,0
2015,"MUNICIPIO",220130,17,0,0,3,14,1,1,3,2,7,11,6,3,0,1,1,0,0,0,0,0,0,1,0,0,0,0,0,0,0,0,0,0,0,0,0,0,0
2015,"MUNICIPIO",220140,46,0,0,5,41,0,4,19,6,12,29,17,0,0,3,3,0,0,0,0,0,0,1,0,0,0,0,0,0,0,0,0,0,0,0,0,0,0
2015,"MUNICIPIO",220150,143,0,0,16,127,1,18,62,9,37,80,63,8,0,2,2,0,0,0,0,0,0,2,0,0,0,0,0,0,0,0,0,0,0,0,0,0,0
2015,"MUNICIPIO",220155,32,0,0,2,30,0,3,11,1,15,15,15,2,0,5,5,0,0,0,1,0,0,4,0,0,0,0,0,0,0,0,0,0,0,0,0,0,0
2015,"MUNICIPIO",220157,13,0,0,1,12,0,2,4,1,5,8,5,1,0,1,1,0,0,0,0,0,0,1,0,0,0,0,0,0,0,0,0,0,0,0,0,0,0
2015,"MUNICIPIO",220160,52,0,0,3,49,3,7,21,4,14,33,19,2,0,0,0,0,0,0,0,0,0,0,0,0,0,0,0,0,0,0,0,0,0,0,0,0,0
2015,"MUNICIPIO",220170,42,0,0,4,38,2,7,16,4,9,22,20,2,0,3,3,0,0,0,0,0,0,3,0,0,0,0,0,0,0,0,0,0,0,0,0,0,0
2015,"MUNICIPIO",220173,33,0,0,4,29,1,1,15,2,10,17,16,6,0,2,2,0,0,0,0,0,0,2,0,1,0,0,1,0,0,1,1,0,0,0,1,0,0
2015,"MUNICIPIO",220177,28,0,0,4,24,0,4,14,1,5,15,13,3,0,2,2,0,0,0,1,0,0,1,0,0,0,0,0,0,0,0,0,0,0,0,0,0,0
2015,"MUNICIPIO",220180,48,0,0,4,44,0,8,18,7,11,30,18,2,0,3,3,0,0,1,0,0,0,3,0,1,1,0,0,0,0,1,1,0,0,0,0,0,1
2015,"MUNICIPIO",220190,101,0,0,11,90,2,17,35,7,29,64,37,9,0,2,1,1,0,0,1,1,0,0,0,0,0,0,0,0,0,0,0,0,0,0,0,0,0
2015,"MUNICIPIO",220191,34,0,0,3,31,1,10,13,1,6,17,17,2,0,0,0,0,0,0,0,0,0,0,0,0,0,0,0,0,0,0,0,0,0,0,0,0,0
2015,"MUNICIPIO",220192,26,0,0,3,23,0,6,7,4,6,19,7,1,0,0,0,0,0,0,0,0,0,0,0,0,0,0,0,0,0,0,0,0,0,0,0,0,0
2015,"MUNICIPIO",220194,45,0,0,4,41,1,3,18,6,13,22,23,1,0,3,3,0,0,0,0,0,0,3,0,0,0,0,0,0,0,0,0,0,0,0,0,0,0
2015,"MUNICIPIO",220196,32,0,0,0,32,2,5,14,4,7,17,15,5,0,1,1,0,0,0,0,0,0,1,0,1,0,0,0,1,0,1,1,0,0,1,0,0,0
2015,"MUNICIPIO",220198,20,0,0,1,19,0,4,10,1,4,11,9,1,0,0,0,0,0,0,0,0,0,0,0,0,0,0,0,0,0,0,0,0,0,0,0,0,0
2015,"MUNICIPIO",220200,115,0,0,11,104,5,17,27,13,42,68,47,5,0,4,4,0,0,0,0,0,0,4,0,0,0,0,0,0,0,0,0,0,0,0,0,0,0
2015,"MUNICIPIO",220202,41,0,0,3,38,0,4,24,2,8,27,14,2,0,1,1,0,0,0,0,0,0,0,0,0,0,0,0,0,0,0,0,0,0,0,0,0,0
2015,"MUNICIPIO",220205,56,0,0,6,50,2,6,19,4,19,33,23,4,0,1,1,0,0,0,0,0,0,0,0,0,0,0,0,0,0,0,0,0,0,0,0,0,0
2015,"MUNICIPIO",220207,21,0,0,2,19,0,2,11,2,4,12,9,1,0,0,0,0,0,0,0,0,0,0,0,0,0,0,0,0,0,0,0,0,0,0,0,0,0
2015,"MUNICIPIO",220208,38,0,0,6,32,4,4,6,4,14,19,19,3,0,2,2,0,0,0,0,0,0,1,0,0,0,0,0,0,0,0,0,0,0,0,0,0,0
2015,"MUNICIPIO",220209,32,0,0,8,24,1,5,6,1,11,23,9,1,0,3,2,1,0,0,0,0,0,2,0,0,0,0,0,0,0,0,0,0,0,0,0,0,0
2015,"MUNICIPIO",220210,42,0,0,6,36,2,4,13,4,13,26,16,3,0,0,0,0,0,1,0,0,0,0,0,1,1,0,0,0,0,1,1,0,0,0,1,0,0
2015,"MUNICIPIO",220211,29,0,0,3,26,0,2,13,3,8,13,16,2,0,1,1,0,0,0,0,0,0,1,0,0,0,0,0,0,0,0,0,0,0,0,0,0,0
2015,"MUNICIPIO",220213,31,0,0,3,28,3,4,12,1,8,20,11,0,0,2,2,0,0,0,0,0,0,2,0,0,0,0,0,0,0,0,0,0,0,0,0,0,0
2015,"MUNICIPIO",220217,40,0,0,1,39,0,8,14,3,14,22,18,2,0,6,6,0,0,0,0,0,0,6,0,1,0,0,0,1,0,1,1,0,0,1,0,0,0
2015,"MUNICIPIO",220220,313,0,0,33,280,10,46,116,30,78,175,137,15,0,4,3,1,0,1,0,1,0,3,0,1,1,0,0,0,0,1,1,0,0,0,0,0,0
2015,"MUNICIPIO",220225,13,0,0,2,11,0,1,4,1,5,8,5,1,0,0,0,0,0,0,0,0,0,0,0,0,0,0,0,0,0,0,0,0,0,0,0,0,0
2015,"MUNICIPIO",220230,112,0,0,17,95,2,8,41,18,26,70,42,2,0,2,2,0,0,0,0,0,0,1,0,1,0,0,0,1,0,1,1,0,0,1,0,0,0
2015,"MUNICIPIO",220240,49,0,0,5,44,0,6,23,4,11,33,16,2,0,1,1,0,0,0,0,0,0,1,0,0,0,0,0,0,0,0,0,0,0,0,0,0,0
2015,"MUNICIPIO",220245,23,0,0,2,21,0,4,7,7,3,12,11,3,0,0,0,0,0,0,0,0,0,0,0,0,0,0,0,0,0,0,0,0,0,0,0,0,0
2015,"MUNICIPIO",220250,48,0,0,3,45,5,8,11,5,16,26,22,5,0,2,2,0,0,0,0,1,0,1,0,0,0,0,0,0,0,0,0,0,0,0,0,0,0
2015,"MUNICIPIO",220253,35,0,0,8,27,2,8,7,5,5,26,9,1,0,3,3,0,0,0,0,0,0,2,0,0,0,0,0,0,0,0,0,0,0,0,0,0,0
2015,"MUNICIPIO",220255,31,0,0,5,26,1,4,9,4,8,17,14,2,0,3,2,1,0,0,1,0,0,2,0,0,0,0,0,0,0,0,0,0,0,0,0,0,0
2015,"MUNICIPIO",220260,126,0,0,20,106,3,12,45,7,39,75,51,6,0,8,8,0,0,0,0,0,0,8,0,1,0,1,0,0,0,1,1,0,0,1,0,0,0
2015,"MUNICIPIO",220265,25,0,0,1,24,1,6,9,1,7,17,8,1,0,3,2,1,0,0,1,0,0,1,0,0,0,0,0,0,0,0,0,0,0,0,0,0,0
2015,"MUNICIPIO",220270,170,0,0,19,151,1,26,61,17,46,108,62,8,0,6,6,0,0,0,0,0,0,5,0,0,0,0,0,0,0,0,0,0,0,0,0,0,0
2015,"MUNICIPIO",220271,25,0,0,3,22,2,2,6,1,11,13,12,2,0,2,2,0,0,0,1,0,0,1,0,0,0,0,0,0,0,0,0,0,0,0,0,0,0
2015,"MUNICIPIO",220272,40,0,0,3,37,0,4,23,3,7,23,17,0,0,0,0,0,0,0,0,0,0,0,0,0,0,0,0,0,0,0,0,0,0,0,0,0,0
2015,"MUNICIPIO",220273,19,0,0,3,16,1,5,4,2,4,14,5,1,0,0,0,0,0,0,0,0,0,0,0,0,0,0,0,0,0,0,0,0,0,0,0,0,0
2015,"MUNICIPIO",220275,36,0,0,6,30,1,2,10,10,7,18,18,4,0,1,1,0,0,0,0,0,0,1,0,0,0,0,0,0,0,0,0,0,0,0,0,0,0
2015,"MUNICIPIO",220277,49,0,0,5,44,2,6,18,6,12,22,27,7,0,1,1,0,0,0,0,0,0,1,0,0,0,0,0,0,0,0,0,0,0,0,0,0,0
2015,"MUNICIPIO",220280,28,0,0,1,27,0,3,13,2,9,15,13,1,0,0,0,0,0,0,0,0,0,0,0,0,0,0,0,0,0,0,0,0,0,0,0,0,0
2015,"MUNICIPIO",220285,17,0,0,3,14,2,0,7,1,4,8,9,1,0,0,0,0,0,0,0,0,0,0,0,0,0,0,0,0,0,0,0,0,0,0,0,0,0
2015,"MUNICIPIO",220290,116,0,0,23,93,5,11,32,13,32,69,47,9,0,5,5,0,0,0,1,0,0,4,0,1,0,0,0,0,1,0,0,0,0,0,0,0,0
2015,"MUNICIPIO",220300,27,0,0,5,22,1,2,9,2,8,20,7,1,0,2,2,0,0,0,1,0,0,1,0,0,0,0,0,0,0,0,0,0,0,0,0,0,0
2015,"MUNICIPIO",220310,46,0,0,11,35,1,4,11,4,15,30,16,1,0,3,3,0,0,0,0,0,0,3,0,0,0,0,0,0,0,0,0,0,0,0,0,0,0
2015,"MUNICIPIO",220320,56,0,0,8,48,3,10,18,5,12,35,21,5,0,1,1,0,0,0,0,0,0,1,0,0,0,0,0,0,0,0,0,0,0,0,0,0,0
2015,"MUNICIPIO",220323,18,0,0,2,16,0,2,5,1,8,7,11,4,0,0,0,0,0,0,0,0,0,0,0,1,0,0,0,1,0,1,1,0,1,0,0,0,0
2015,"MUNICIPIO",220325,19,0,0,1,18,1,2,9,0,6,9,10,1,0,1,1,0,0,0,0,0,0,1,0,0,0,0,0,0,0,0,0,0,0,0,0,0,0
2015,"MUNICIPIO",220327,16,0,0,3,13,1,3,5,0,4,9,7,2,0,0,0,0,0,0,0,0,0,0,0,0,0,0,0,0,0,0,0,0,0,0,0,0,0
2015,"MUNICIPIO",220330,94,0,0,7,87,4,11,32,6,34,56,38,3,0,3,3,0,0,0,0,0,0,3,0,1,0,0,0,0,1,0,0,0,0,0,0,0,0
2015,"MUNICIPIO",220335,39,0,0,3,36,1,5,16,3,11,27,11,1,0,1,1,0,0,0,0,0,0,1,0,0,0,0,0,0,0,0,0,0,0,0,0,0,0
2015,"MUNICIPIO",220340,37,0,0,1,36,1,9,19,1,6,20,17,4,0,1,1,0,0,0,0,0,0,1,0,0,0,0,0,0,0,0,0,0,0,0,0,0,0
2015,"MUNICIPIO",220342,24,0,0,2,22,1,5,9,0,7,13,11,1,0,0,0,0,0,0,0,0,0,0,0,0,0,0,0,0,0,0,0,0,0,0,0,0,0
2015,"MUNICIPIO",220345,49,0,0,4,45,3,7,20,5,10,26,23,4,0,2,2,0,0,0,0,0,0,2,0,1,0,0,0,1,0,1,1,0,0,1,0,0,0
2015,"MUNICIPIO",220350,113,0,0,7,106,2,15,52,3,34,58,55,2,0,0,0,0,0,0,0,0,0,0,0,0,0,0,0,0,0,0,0,0,0,0,0,0,0
2015,"MUNICIPIO",220360,39,0,0,3,36,2,6,15,1,12,25,14,2,0,1,0,1,0,0,1,0,0,0,0,0,0,0,0,0,0,0,0,0,0,0,0,0,0
2015,"MUNICIPIO",220370,234,0,0,35,199,2,33,88,9,67,132,102,11,0,12,12,0,0,0,1,1,0,8,0,0,0,0,0,0,0,0,0,0,0,0,0,0,0
2015,"MUNICIPIO",220375,16,0,0,2,14,0,3,4,3,4,9,7,1,0,1,1,0,0,0,0,0,0,1,0,0,0,0,0,0,0,0,0,0,0,0,0,0,0
2015,"MUNICIPIO",220380,43,0,0,3,40,4,5,18,1,12,25,18,4,0,1,1,0,0,0,0,0,0,0,0,0,0,0,0,0,0,0,0,0,0,0,0,0,0
2015,"MUNICIPIO",220385,24,0,0,3,21,1,4,11,3,2,11,13,1,0,0,0,0,0,0,0,0,0,0,0,0,0,0,0,0,0,0,0,0,0,0,0,0,0
2015,"MUNICIPIO",220390,450,0,0,58,392,10,67,154,48,113,241,207,18,0,17,17,0,0,0,1,0,0,16,0,1,0,0,0,1,0,1,0,0,0,0,0,0,0
2015,"MUNICIPIO",220400,28,0,0,3,25,0,2,21,1,1,15,13,0,0,0,0,0,0,0,0,0,0,0,0,0,0,0,0,0,0,0,0,0,0,0,0,0,0
2015,"MUNICIPIO",220410,35,0,0,3,32,0,5,12,3,12,20,15,1,0,2,1,1,0,0,0,0,0,2,0,0,0,0,0,0,0,0,0,0,0,0,0,0,0
2015,"MUNICIPIO",220415,19,0,0,2,17,0,3,3,0,11,10,9,1,0,2,2,0,0,0,1,0,0,1,0,0,0,0,0,0,0,0,0,0,0,0,0,0,0
2015,"MUNICIPIO",220420,51,0,0,6,45,0,8,24,4,9,28,23,0,0,1,1,0,0,0,0,0,0,0,0,0,0,0,0,0,0,0,0,0,0,0,0,0,0
2015,"MUNICIPIO",220430,78,0,0,14,64,1,12,25,6,20,46,32,3,0,3,3,0,0,0,1,0,0,2,0,0,0,0,0,0,0,0,0,0,0,0,0,0,0
2015,"MUNICIPIO",220435,45,0,0,8,37,1,4,13,2,17,25,20,2,0,1,1,0,0,1,1,0,0,0,0,1,1,0,0,0,0,1,1,0,0,1,0,0,0
2015,"MUNICIPIO",220440,37,0,0,4,33,3,3,12,6,9,22,15,1,0,1,1,0,0,0,0,0,0,1,0,0,0,0,0,0,0,0,0,0,0,0,0,0,0
2015,"MUNICIPIO",220450,71,0,0,8,63,2,12,21,10,18,38,33,6,0,1,1,0,0,0,0,0,0,0,0,0,0,0,0,0,0,0,0,0,0,0,0,0,0
2015,"MUNICIPIO",220455,10,0,0,1,9,0,0,1,3,5,9,1,0,0,0,0,0,0,0,0,0,0,0,0,0,0,0,0,0,0,0,0,0,0,0,0,0,0
2015,"MUNICIPIO",220460,20,0,0,0,20,0,4,11,1,4,14,6,0,0,0,0,0,0,0,0,0,0,0,0,0,0,0,0,0,0,0,0,0,0,0,0,0,0
2015,"MUNICIPIO",220465,70,0,0,4,66,5,8,25,12,16,39,31,2,0,5,4,1,0,0,1,0,0,3,0,0,0,0,0,0,0,0,0,0,0,0,0,0,0
2015,"MUNICIPIO",220470,90,0,0,8,82,1,17,32,6,26,51,39,2,0,2,2,0,0,0,0,0,0,2,0,0,0,0,0,0,0,0,0,0,0,0,0,0,0
2015,"MUNICIPIO",220480,80,0,0,5,75,3,14,21,12,25,53,27,4,0,4,4,0,0,0,0,0,0,4,0,0,0,0,0,0,0,0,0,0,0,0,0,0,0
2015,"MUNICIPIO",220490,51,0,0,8,43,1,7,19,4,12,29,22,3,0,2,2,0,0,0,0,1,0,1,0,0,0,0,0,0,0,0,0,0,0,0,0,0,0
2015,"MUNICIPIO",220500,77,0,0,14,63,2,8,29,5,19,49,28,3,0,1,1,0,0,0,0,0,0,1,0,0,0,0,0,0,0,0,0,0,0,0,0,0,0
2015,"MUNICIPIO",220510,51,0,0,7,44,3,7,15,1,18,25,26,4,0,0,0,0,0,0,0,0,0,0,0,0,0,0,0,0,0,0,0,0,0,0,0,0,0
2015,"MUNICIPIO",220515,37,0,0,5,32,0,7,17,3,5,20,17,1,0,1,1,0,0,0,0,0,0,1,0,0,0,0,0,0,0,0,0,0,0,0,0,0,0
2015,"MUNICIPIO",220520,121,0,0,14,107,5,12,49,11,30,65,56,7,0,2,2,0,0,0,0,0,0,2,0,0,0,0,0,0,0,0,0,0,0,0,0,0,0
2015,"MUNICIPIO",220525,18,0,0,5,13,0,4,5,1,3,12,6,3,0,0,0,0,0,0,0,0,0,0,0,0,0,0,0,0,0,0,0,0,0,0,0,0,0
2015,"MUNICIPIO",220527,30,0,0,2,28,0,3,12,3,10,15,15,2,0,1,1,0,0,0,0,0,0,1,0,0,0,0,0,0,0,0,0,0,0,0,0,0,0
2015,"MUNICIPIO",220530,29,0,0,3,26,2,0,18,2,4,18,11,3,0,1,1,0,0,0,0,0,0,1,0,0,0,0,0,0,0,0,0,0,0,0,0,0,0
2015,"MUNICIPIO",220535,22,0,0,1,21,3,4,10,1,3,16,6,0,0,0,0,0,0,0,0,0,0,0,0,0,0,0,0,0,0,0,0,0,0,0,0,0,0
2015,"MUNICIPIO",220540,87,0,0,13,74,1,10,38,4,21,57,30,5,0,3,3,0,0,0,0,0,0,2,0,0,0,0,0,0,0,0,0,0,0,0,0,0,0
2015,"MUNICIPIO",220545,18,0,0,2,16,0,3,7,1,5,13,5,0,0,1,1,0,0,0,0,0,0,1,0,0,0,0,0,0,0,0,0,0,0,0,0,0,0
2015,"MUNICIPIO",220550,222,0,0,26,196,7,18,86,18,67,135,87,9,0,8,8,0,0,0,0,0,0,8,0,0,0,0,0,0,0,0,0,0,0,0,0,0,0
2015,"MUNICIPIO",220551,16,0,0,3,13,2,1,6,2,2,13,3,1,0,0,0,0,0,0,0,0,0,0,0,0,0,0,0,0,0,0,0,0,0,0,0,0,0
2015,"MUNICIPIO",220552,24,0,0,4,20,0,3,9,4,4,16,8,0,0,2,2,0,0,0,0,0,0,2,0,0,0,0,0,0,0,0,0,0,0,0,0,0,0
2015,"MUNICIPIO",220553,34,0,0,6,28,1,1,9,4,13,22,12,0,0,3,2,1,0,0,0,0,0,3,0,0,0,0,0,0,0,0,0,0,0,0,0,0,0
2015,"MUNICIPIO",220554,16,0,0,4,12,0,1,7,1,3,9,7,3,0,0,0,0,0,0,0,0,0,0,0,0,0,0,0,0,0,0,0,0,0,0,0,0,0
2015,"MUNICIPIO",220555,35,0,0,6,29,2,6,8,0,13,23,12,3,0,2,2,0,0,0,0,0,0,2,0,0,0,0,0,0,0,0,0,0,0,0,0,0,0
2015,"MUNICIPIO",220556,27,0,0,2,25,1,6,10,1,7,10,17,4,0,0,0,0,0,0,0,0,0,0,0,0,0,0,0,0,0,0,0,0,0,0,0,0,0
2015,"MUNICIPIO",220557,27,0,0,4,23,1,3,8,4,7,17,10,0,0,1,0,1,0,0,1,0,0,0,0,0,0,0,0,0,0,0,0,0,0,0,0,0,0
2015,"MUNICIPIO",220558,31,0,0,6,25,1,4,11,1,8,20,11,1,0,1,1,0,0,0,0,0,0,0,0,0,0,0,0,0,0,0,0,0,0,0,0,0,0
2015,"MUNICIPIO",220559,23,0,0,3,20,0,3,10,2,5,12,11,2,0,3,3,0,0,0,0,0,0,3,0,0,0,0,0,0,0,0,0,0,0,0,0,0,0
2015,"MUNICIPIO",220560,33,0,0,3,30,1,3,9,6,11,18,15,1,0,1,1,0,0,0,0,0,0,1,0,0,0,0,0,0,0,0,0,0,0,0,0,0,0
2015,"MUNICIPIO",220570,164,0,0,23,141,7,26,46,14,48,105,59,8,0,8,8,0,0,1,0,0,0,6,0,2,1,0,0,1,0,2,1,0,0,2,0,0,0
2015,"MUNICIPIO",220580,151,0,0,21,130,7,23,48,17,35,92,56,8,0,3,2,1,0,1,0,0,0,3,0,1,1,0,0,0,0,1,1,0,0,0,0,1,0
2015,"MUNICIPIO",220585,43,0,0,10,33,0,8,13,1,11,23,20,6,0,1,1,0,0,0,0,0,0,1,0,0,0,0,0,0,0,0,0,0,0,0,0,0,0
2015,"MUNICIPIO",220590,21,0,0,1,20,1,3,10,2,4,15,6,0,0,0,0,0,0,0,0,0,0,0,0,0,0,0,0,0,0,0,0,0,0,0,0,0,0
2015,"MUNICIPIO",220595,40,0,0,9,31,0,3,19,3,6,22,18,3,0,1,0,1,0,0,1,0,0,0,0,0,0,0,0,0,0,0,0,0,0,0,0,0,0
2015,"MUNICIPIO",220600,31,0,0,4,27,1,9,12,4,1,19,12,1,0,0,0,0,0,0,0,0,0,0,0,0,0,0,0,0,0,0,0,0,0,0,0,0,0
2015,"MUNICIPIO",220605,45,0,0,2,43,3,9,16,1,14,19,26,2,0,1,1,0,0,0,0,0,0,1,0,0,0,0,0,0,0,0,0,0,0,0,0,0,0
2015,"MUNICIPIO",220610,53,0,0,9,44,2,7,20,2,13,29,24,2,0,2,2,0,0,0,0,0,0,2,0,0,0,0,0,0,0,0,0,0,0,0,0,0,0
2015,"MUNICIPIO",220620,165,0,0,15,150,5,26,66,9,44,104,61,7,0,9,8,1,0,0,0,0,0,8,0,0,0,0,0,0,0,0,0,0,0,0,0,0,0
2015,"MUNICIPIO",220630,9,0,0,0,9,0,0,4,2,3,5,4,1,0,0,0,0,0,0,0,0,0,0,0,0,0,0,0,0,0,0,0,0,0,0,0,0,0
2015,"MUNICIPIO",220635,25,0,0,4,21,2,6,9,0,4,18,7,2,0,0,0,0,0,0,0,0,0,0,0,0,0,0,0,0,0,0,0,0,0,0,0,0,0
2015,"MUNICIPIO",220640,75,0,0,5,70,0,9,44,5,12,46,29,6,0,3,3,0,0,0,0,0,0,2,0,0,0,0,0,0,0,0,0,0,0,0,0,0,0
2015,"MUNICIPIO",220650,48,0,0,11,37,3,2,19,3,10,26,22,1,0,0,0,0,0,0,0,0,0,0,0,0,0,0,0,0,0,0,0,0,0,0,0,0,0
2015,"MUNICIPIO",220660,59,0,0,17,42,1,4,17,1,19,42,17,1,0,4,3,1,0,0,0,0,0,4,0,0,0,0,0,0,0,0,0,0,0,0,0,0,0
2015,"MUNICIPIO",220665,13,0,0,1,12,0,1,5,1,5,9,4,1,0,1,1,0,0,0,0,0,0,1,0,0,0,0,0,0,0,0,0,0,0,0,0,0,0
2015,"MUNICIPIO",220667,33,0,0,8,25,1,6,13,0,5,18,15,6,0,0,0,0,0,0,0,0,0,0,0,1,0,0,0,1,0,1,1,0,0,0,1,0,0
2015,"MUNICIPIO",220669,28,0,0,1,27,1,5,11,3,7,19,9,1,0,2,2,0,0,0,1,0,0,0,0,0,0,0,0,0,0,0,0,0,0,0,0,0,0
2015,"MUNICIPIO",220670,54,0,0,8,46,1,10,22,2,11,30,24,2,0,1,1,0,0,0,0,0,0,1,0,0,0,0,0,0,0,0,0,0,0,0,0,0,0
2015,"MUNICIPIO",220672,49,0,0,11,38,1,4,19,5,9,29,20,3,0,0,0,0,0,0,0,0,0,0,0,2,0,0,0,1,1,1,1,0,0,0,1,0,0
2015,"MUNICIPIO",220675,23,0,0,1,22,1,3,9,2,7,10,13,2,0,0,0,0,0,0,0,0,0,0,0,0,0,0,0,0,0,0,0,0,0,0,0,0,0
2015,"MUNICIPIO",220680,38,0,0,8,30,2,3,11,2,12,26,12,1,0,6,6,0,0,0,1,0,0,4,0,0,0,0,0,0,0,0,0,0,0,0,0,0,0
2015,"MUNICIPIO",220690,54,0,0,3,51,2,3,17,4,25,28,26,3,0,3,3,0,0,0,0,0,0,2,0,0,0,0,0,0,0,0,0,0,0,0,0,0,0
2015,"MUNICIPIO",220695,15,0,0,3,12,0,1,4,4,3,8,7,2,0,0,0,0,0,0,0,0,0,0,0,0,0,0,0,0,0,0,0,0,0,0,0,0,0
2015,"MUNICIPIO",220700,221,0,0,22,199,10,27,83,16,63,122,99,10,0,7,6,1,0,0,1,0,0,5,0,0,0,0,0,0,0,0,0,0,0,0,0,0,0
2015,"MUNICIPIO",220710,7,0,0,1,6,0,1,4,0,1,4,3,0,0,0,0,0,0,0,0,0,0,0,0,0,0,0,0,0,0,0,0,0,0,0,0,0,0
2015,"MUNICIPIO",220720,61,0,0,8,53,0,6,30,7,10,35,26,2,0,1,1,0,0,0,0,0,0,1,0,0,0,0,0,0,0,0,0,0,0,0,0,0,0
2015,"MUNICIPIO",220730,24,0,0,4,20,2,2,7,0,9,14,10,1,0,0,0,0,0,0,0,0,0,0,0,0,0,0,0,0,0,0,0,0,0,0,0,0,0
2015,"MUNICIPIO",220735,20,0,0,0,20,1,1,12,3,3,7,13,1,0,1,1,0,0,0,0,0,0,1,0,1,0,0,0,1,0,1,0,0,0,0,0,0,0
2015,"MUNICIPIO",220740,21,0,0,1,20,0,0,11,4,5,10,11,0,0,1,1,0,0,0,0,0,0,0,0,0,0,0,0,0,0,0,0,0,0,0,0,0,0
2015,"MUNICIPIO",220750,66,0,0,9,57,0,6,28,7,16,34,32,4,0,1,1,0,0,0,0,0,0,1,0,1,0,1,0,0,0,1,1,0,0,0,1,0,0
2015,"MUNICIPIO",220755,21,0,0,2,19,0,0,12,3,4,15,6,0,0,0,0,0,0,0,0,0,0,0,0,0,0,0,0,0,0,0,0,0,0,0,0,0,0
2015,"MUNICIPIO",220760,52,0,0,7,45,2,7,19,6,11,36,16,3,0,3,3,0,0,0,0,0,0,3,0,0,0,0,0,0,0,0,0,0,0,0,0,0,0
2015,"MUNICIPIO",220770,1015,0,0,112,903,45,151,252,111,344,545,470,45,0,37,36,1,0,1,9,0,0,19,0,3,1,0,0,1,1,2,2,0,0,0,0,1,1
2015,"MUNICIPIO",220775,17,0,0,3,14,0,3,8,0,3,11,6,0,0,1,1,0,0,0,0,0,0,1,0,0,0,0,0,0,0,0,0,0,0,0,0,0,0
2015,"MUNICIPIO",220777,40,0,0,9,31,1,6,18,0,6,27,13,1,0,2,2,0,0,0,0,0,0,2,0,0,0,0,0,0,0,0,0,0,0,0,0,0,0
2015,"MUNICIPIO",220779,19,0,0,1,18,1,4,7,1,5,10,9,0,0,1,1,0,0,0,1,0,0,0,0,0,0,0,0,0,0,0,0,0,0,0,0,0,0
2015,"MUNICIPIO",220780,126,0,0,15,111,5,10,37,12,47,74,52,5,0,8,8,0,0,0,1,0,0,5,0,0,0,0,0,0,0,0,0,0,0,0,0,0,0
2015,"MUNICIPIO",220785,20,0,0,0,20,0,2,14,1,3,8,12,2,0,0,0,0,0,0,0,0,0,0,0,0,0,0,0,0,0,0,0,0,0,0,0,0,0
2015,"MUNICIPIO",220790,234,0,0,30,204,6,31,65,19,83,141,93,5,0,7,7,0,0,0,1,0,0,4,0,0,0,0,0,0,0,0,0,0,0,0,0,0,0
2015,"MUNICIPIO",220793,11,0,0,2,9,0,0,6,0,3,5,6,0,0,2,2,0,0,0,0,0,0,1,0,0,0,0,0,0,0,0,0,0,0,0,0,0,0
2015,"MUNICIPIO",220795,25,0,0,2,23,1,5,9,4,4,11,14,0,0,2,2,0,0,0,0,0,0,2,0,0,0,0,0,0,0,0,0,0,0,0,0,0,0
2015,"MUNICIPIO",220800,515,0,0,67,448,24,67,148,62,147,277,237,27,0,18,17,1,0,0,3,0,0,12,0,0,0,0,0,0,0,0,0,0,0,0,0,0,0
2015,"MUNICIPIO",220810,67,0,0,4,63,2,17,20,5,19,36,31,2,0,4,4,0,0,1,0,0,0,3,0,1,1,0,0,0,0,1,1,0,0,1,0,0,0
2015,"MUNICIPIO",220820,102,0,0,16,86,4,21,35,8,18,56,46,3,0,3,3,0,0,0,0,0,0,3,0,0,0,0,0,0,0,0,0,0,0,0,0,0,0
2015,"MUNICIPIO",220830,190,0,0,30,160,4,23,68,22,43,118,72,9,0,7,7,0,0,0,1,1,0,4,0,1,0,0,0,1,0,1,1,0,0,0,1,0,0
2015,"MUNICIPIO",220840,425,0,0,46,379,8,64,140,57,110,240,185,19,0,19,18,1,0,0,2,0,0,14,0,2,0,0,0,2,0,2,2,0,0,0,1,0,0
2015,"MUNICIPIO",220850,59,0,0,9,50,0,10,21,4,15,37,22,1,0,7,7,0,0,0,0,0,0,6,0,1,0,0,0,1,0,1,1,0,1,0,0,0,0
2015,"MUNICIPIO",220855,11,0,0,3,8,0,2,3,0,3,8,3,0,0,0,0,0,0,0,0,0,0,0,0,0,0,0,0,0,0,0,0,0,0,0,0,0,0
2015,"MUNICIPIO",220860,22,0,0,2,20,0,1,8,2,9,11,11,1,0,0,0,0,0,0,0,0,0,0,0,0,0,0,0,0,0,0,0,0,0,0,0,0,0
2015,"MUNICIPIO",220865,56,0,0,8,48,1,2,23,4,18,22,34,5,0,1,1,0,0,0,1,0,0,0,0,0,0,0,0,0,0,0,0,0,0,0,0,0,0
2015,"MUNICIPIO",220870,40,0,0,5,35,2,4,13,2,14,28,12,2,0,1,1,0,0,0,0,0,0,1,0,1,0,0,0,0,1,0,0,0,0,0,0,0,0
2015,"MUNICIPIO",220880,129,0,0,15,114,2,19,59,5,29,69,60,9,0,1,1,0,0,0,0,0,0,0,0,2,0,0,0,0,2,0,0,0,0,0,0,0,0
2015,"MUNICIPIO",220885,22,0,0,0,22,2,0,2,0,18,15,7,2,0,0,0,0,0,0,0,0,0,0,0,0,0,0,0,0,0,0,0,0,0,0,0,0,0
2015,"MUNICIPIO",220887,15,0,0,2,13,0,1,8,1,3,10,5,1,0,0,0,0,0,0,0,0,0,0,0,0,0,0,0,0,0,0,0,0,0,0,0,0,0
2015,"MUNICIPIO",220890,30,0,0,7,23,0,3,6,6,8,19,11,1,0,0,0,0,0,0,0,0,0,0,0,0,0,0,0,0,0,0,0,0,0,0,0,0,0
2015,"MUNICIPIO",220900,42,0,0,7,35,2,5,17,6,5,22,20,3,0,0,0,0,0,0,0,0,0,0,0,0,0,0,0,0,0,0,0,0,0,0,0,0,0
2015,"MUNICIPIO",220910,46,0,0,6,40,1,8,23,1,7,24,22,2,0,0,0,0,0,0,0,0,0,0,0,0,0,0,0,0,0,0,0,0,0,0,0,0,0
2015,"MUNICIPIO",220915,23,0,0,5,18,0,4,11,0,3,11,12,1,0,0,0,0,0,0,0,0,0,0,0,0,0,0,0,0,0,0,0,0,0,0,0,0,0
2015,"MUNICIPIO",220920,30,0,0,4,26,2,4,9,2,9,20,9,5,0,2,2,0,0,0,0,0,0,1,0,1,0,1,0,0,0,1,1,0,0,1,0,0,0
2015,"MUNICIPIO",220930,35,0,0,9,26,0,6,11,2,7,15,20,8,0,0,0,0,0,0,0,0,0,0,0,0,0,0,0,0,0,0,0,0,0,0,0,0,0
2015,"MUNICIPIO",220935,44,0,0,6,38,0,6,17,7,8,33,11,1,0,0,0,0,0,0,0,0,0,0,0,0,0,0,0,0,0,0,0,0,0,0,0,0,0
2015,"MUNICIPIO",220937,25,0,0,2,23,0,3,7,1,12,14,11,0,0,0,0,0,0,0,0,0,0,0,0,0,0,0,0,0,0,0,0,0,0,0,0,0,0
2015,"MUNICIPIO",220940,41,0,0,3,38,2,6,21,4,5,17,24,2,0,0,0,0,0,1,0,0,0,0,0,2,1,0,0,0,1,1,1,0,1,0,0,0,0
2015,"MUNICIPIO",220945,9,0,0,0,9,0,1,7,0,1,8,1,0,0,1,1,0,0,0,0,0,0,1,0,0,0,0,0,0,0,0,0,0,0,0,0,0,0
2015,"MUNICIPIO",220950,24,0,0,1,23,2,4,5,2,10,10,14,2,0,0,0,0,0,0,0,0,0,0,0,0,0,0,0,0,0,0,0,0,0,0,0,0,0
2015,"MUNICIPIO",220955,29,0,0,1,28,0,1,16,1,10,16,13,0,0,0,0,0,0,0,0,0,0,0,0,0,0,0,0,0,0,0,0,0,0,0,0,0,0
2015,"MUNICIPIO",220960,18,0,0,2,16,0,1,6,3,6,12,6,0,0,1,1,0,0,0,0,0,0,1,0,0,0,0,0,0,0,0,0,0,0,0,0,0,0
2015,"MUNICIPIO",220965,41,0,0,3,38,0,4,21,1,12,24,17,3,0,2,1,1,0,0,1,0,0,0,0,0,0,0,0,0,0,0,0,0,0,0,0,0,0
2015,"MUNICIPIO",220970,45,0,0,7,38,3,4,14,5,12,25,20,3,0,2,2,0,0,0,0,0,0,2,0,0,0,0,0,0,0,0,0,0,0,0,0,0,0
2015,"MUNICIPIO",220975,12,0,0,2,10,0,1,3,0,6,7,5,1,0,1,1,0,0,0,0,0,0,1,0,0,0,0,0,0,0,0,0,0,0,0,0,0,0
2015,"MUNICIPIO",220980,16,0,0,2,14,0,3,4,1,6,10,6,0,0,0,0,0,0,0,0,0,0,0,0,0,0,0,0,0,0,0,0,0,0,0,0,0,0
2015,"MUNICIPIO",220985,36,0,0,2,34,0,9,13,2,10,21,15,1,0,0,0,0,0,0,0,0,0,0,0,0,0,0,0,0,0,0,0,0,0,0,0,0,0
2015,"MUNICIPIO",220987,23,0,0,3,20,0,4,7,4,5,12,11,3,0,1,1,0,0,1,0,0,0,1,0,2,1,0,0,0,1,1,1,0,0,0,0,0,0
2015,"MUNICIPIO",220990,31,0,0,6,25,1,7,12,1,4,18,13,1,0,1,1,0,0,0,0,0,0,1,0,0,0,0,0,0,0,0,0,0,0,0,0,0,0
2015,"MUNICIPIO",220995,32,0,0,6,26,2,4,16,1,3,19,13,1,0,1,1,0,0,0,0,0,0,1,0,0,0,0,0,0,0,0,0,0,0,0,0,0,0
2015,"MUNICIPIO",220997,32,0,0,5,27,0,2,13,4,8,13,19,3,0,1,1,0,0,0,0,0,0,1,0,0,0,0,0,0,0,0,0,0,0,0,0,0,0
2015,"MUNICIPIO",221000,115,0,0,13,102,6,18,43,13,22,65,50,8,0,2,1,1,0,1,0,0,0,2,0,1,1,0,0,0,0,1,1,0,0,0,0,0,1
2015,"MUNICIPIO",221005,21,0,0,4,17,0,4,3,4,6,12,9,0,0,2,2,0,0,0,0,0,0,2,0,0,0,0,0,0,0,0,0,0,0,0,0,0,0
2015,"MUNICIPIO",221010,20,0,0,3,17,0,2,9,1,5,14,6,0,0,0,0,0,0,0,0,0,0,0,0,0,0,0,0,0,0,0,0,0,0,0,0,0,0
2015,"MUNICIPIO",221020,49,0,0,6,43,1,2,15,7,18,25,24,2,0,1,1,0,0,0,0,0,0,0,0,1,0,0,0,1,0,1,1,0,0,0,0,0,0
2015,"MUNICIPIO",221030,54,0,0,5,49,1,7,21,5,15,37,17,0,0,2,2,0,0,0,0,0,0,2,0,0,0,0,0,0,0,0,0,0,0,0,0,0,0
2015,"MUNICIPIO",221035,27,0,0,2,25,0,4,10,5,6,11,16,1,0,1,1,0,0,0,0,0,0,1,0,0,0,0,0,0,0,0,0,0,0,0,0,0,0
2015,"MUNICIPIO",221037,16,0,0,2,14,0,0,4,3,7,8,8,0,0,1,1,0,0,0,1,0,0,0,0,0,0,0,0,0,0,0,0,0,0,0,0,0,0
2015,"MUNICIPIO",221038,15,0,0,0,15,0,1,8,0,6,6,9,0,0,0,0,0,0,0,0,0,0,0,0,0,0,0,0,0,0,0,0,0,0,0,0,0,0
2015,"MUNICIPIO",221039,14,0,0,2,12,1,1,8,0,2,7,7,0,0,1,1,0,0,0,0,0,0,1,0,0,0,0,0,0,0,0,0,0,0,0,0,0,0
2015,"MUNICIPIO",221040,92,0,0,8,84,2,16,28,6,32,58,34,3,0,9,9,0,0,0,1,1,0,6,0,0,0,0,0,0,0,0,0,0,0,0,0,0,0
2015,"MUNICIPIO",221050,93,0,0,7,86,0,11,46,11,18,48,45,1,0,5,5,0,0,0,0,0,0,4,0,0,0,0,0,0,0,0,0,0,0,0,0,0,0
2015,"MUNICIPIO",221060,185,0,0,27,158,5,23,66,20,44,97,88,13,0,4,4,0,0,0,0,0,0,4,0,0,0,0,0,0,0,0,0,0,0,0,0,0,0
2015,"MUNICIPIO",221062,11,0,0,1,10,1,2,0,1,6,8,3,1,0,0,0,0,0,0,0,0,0,0,0,0,0,0,0,0,0,0,0,0,0,0,0,0,0
2015,"MUNICIPIO",221063,15,0,0,2,13,0,2,8,2,1,10,5,0,0,0,0,0,0,0,0,0,0,0,0,0,0,0,0,0,0,0,0,0,0,0,0,0,0
2015,"MUNICIPIO",221065,48,0,0,6,42,2,8,18,4,10,30,18,3,0,1,1,0,0,0,0,0,0,1,0,0,0,0,0,0,0,0,0,0,0,0,0,0,0
2015,"MUNICIPIO",221070,83,0,0,9,74,1,11,41,3,18,53,30,4,0,3,3,0,0,1,1,0,0,2,0,2,1,0,0,1,0,2,1,0,1,1,0,0,0
2015,"MUNICIPIO",221080,93,0,0,9,84,4,12,39,8,21,57,36,2,0,5,5,0,0,0,2,0,0,3,0,1,0,0,0,1,0,1,1,0,0,1,0,0,0
2015,"MUNICIPIO",221090,30,0,0,4,26,1,2,18,2,3,14,16,2,0,0,0,0,0,1,0,0,0,0,0,1,1,0,0,0,0,1,1,0,0,0,1,0,0
2015,"MUNICIPIO",221093,38,0,0,3,35,1,7,16,1,10,19,19,2,0,1,1,0,0,0,1,0,0,0,0,0,0,0,0,0,0,0,0,0,0,0,0,0,0
2015,"MUNICIPIO",221095,17,0,0,0,17,1,3,6,3,4,9,8,3,0,0,0,0,0,0,0,0,0,0,0,0,0,0,0,0,0,0,0,0,0,0,0,0,0
2015,"MUNICIPIO",221097,14,0,0,1,13,0,1,5,0,7,8,6,1,0,1,1,0,0,0,0,0,0,1,0,0,0,0,0,0,0,0,0,0,0,0,0,0,0
2015,"MUNICIPIO",221100,5163,0,0,734,4429,200,925,1466,590,1248,2881,2281,293,0,169,160,9,0,1,18,0,0,121,0,11,1,0,0,8,2,9,9,0,0,3,4,1,0
2015,"MUNICIPIO",221110,266,0,0,32,234,6,21,72,36,99,146,120,13,0,18,18,0,0,1,2,0,0,13,0,1,1,0,0,0,0,1,0,0,0,0,0,0,0
2015,"MUNICIPIO",221120,115,0,0,11,104,3,12,46,9,34,64,51,8,0,3,3,0,0,0,0,0,0,2,0,1,0,1,0,0,0,1,1,0,1,0,0,0,0
2015,"MUNICIPIO",221130,177,0,0,19,158,5,18,79,15,41,108,69,7,0,1,0,1,0,1,0,0,0,1,0,1,1,0,0,0,0,1,1,0,1,0,0,0,0
2015,"MUNICIPIO",221135,24,0,0,3,21,0,4,9,2,6,15,9,0,0,0,0,0,0,0,0,0,0,0,0,0,0,0,0,0,0,0,0,0,0,0,0,0,0
2015,"MUNICIPIO",221140,33,0,0,3,30,0,3,11,1,15,20,13,2,0,0,0,0,0,0,0,0,0,0,0,0,0,0,0,0,0,0,0,0,0,0,0,0,0
2015,"MUNICIPIO",221150,25,0,0,2,23,3,1,8,2,9,11,14,1,0,2,2,0,0,0,0,0,0,2,0,0,0,0,0,0,0,0,0,0,0,0,0,0,0
2015,"MUNICIPIO",221160,29,0,0,5,24,0,3,11,1,9,14,15,2,0,2,2,0,0,0,0,0,0,2,0,0,0,0,0,0,0,0,0,0,0,0,0,0,0
2015,"MUNICIPIO",221170,17,0,0,1,16,2,3,6,1,4,12,5,1,0,0,0,0,0,0,0,0,0,0,0,0,0,0,0,0,0,0,0,0,0,0,0,0,0
